Phase,Task,Start Date,End Date,Owner,Status
Phase 1: Infrastructure Setup,Create directory structure and install packages,2025-05-19,2025-05-19,QA Automation Team,Not Started
Phase 1: Infrastructure Setup,Configure version control,2025-05-20,2025-05-20,QA Automation Team,Not Started
Phase 1: Infrastructure Setup,Implement data source and reference managers,2025-05-21,2025-05-21,QA Automation Team,Not Started
Phase 1: Infrastructure Setup,Implement data processor and report generator,2025-05-22,2025-05-22,QA Automation Team,Not Started
Phase 1: Infrastructure Setup,Create test data and validate loaders,2025-05-23,2025-05-23,QA Automation Team,Not Started
Phase 1: Infrastructure Setup,"Implement UI tabs for analytics, data, and reference",2025-05-24,2025-05-24,QA Automation Team,Not Started
Phase 1: Infrastructure Setup,Integrate UI with backend and CLI,2025-05-25,2025-05-25,QA Automation Team,Not Started
Phase 1: Infrastructure Setup,Test and refine with QA-77 and QA-78,2025-05-26,2025-05-26,QA Automation Team,Not Started
Phase 1: Infrastructure Setup,"Create user documentation (GUI, CLI, configs)",2025-05-27,2025-05-27,QA Automation Team,Not Started
Phase 1: Infrastructure Setup,Document code structure and APIs,2025-05-28,2025-05-28,QA Automation Team,Not Started
Phase 1: Infrastructure Setup,Develop deployment plan and monitoring,2025-05-29,2025-05-29,QA Automation Team,Not Started
Phase 1: Infrastructure Setup,Create training and quick-start materials,2025-05-30,2025-05-30,QA Automation Team,Not Started
Phase 2: Analytics Implementation,Define Group 1 data source and references,2025-05-31,2025-06-05,QA Automation Team,Not Started
Phase 2: Analytics Implementation,Configure QA-01 to QA-03 and test individually,2025-06-06,2025-06-11,QA Automation Team,Not Started
Phase 2: Analytics Implementation,Batch test Group 1 and document,2025-06-12,2025-06-17,QA Automation Team,Not Started
Phase 2: Analytics Implementation,Define Group 2 data source and references,2025-06-18,2025-06-23,QA Automation Team,Not Started
Phase 2: Analytics Implementation,Configure QA-10 to QA-12 and test individually,2025-06-24,2025-06-29,QA Automation Team,Not Started
Phase 2: Analytics Implementation,Batch test Group 2 and document,2025-06-30,2025-07-05,QA Automation Team,Not Started
Phase 2: Analytics Implementation,Define Group 3 data source and references,2025-07-06,2025-07-11,QA Automation Team,Not Started
Phase 2: Analytics Implementation,Configure QA-20 to QA-23 and test individually,2025-07-12,2025-07-17,QA Automation Team,Not Started
Phase 2: Analytics Implementation,Batch test Group 3 and document,2025-07-18,2025-07-23,QA Automation Team,Not Started
Phase 3: Integration and Refinement,Test all analytics in batch mode,2025-07-24,2025-07-26,QA Automation Team,Not Started
Phase 3: Integration and Refinement,Implement and test scheduler and distribution,2025-07-27,2025-07-29,QA Automation Team,Not Started
Phase 3: Integration and Refinement,Validate consolidated report outputs,2025-07-30,2025-08-01,QA Automation Team,Not Started
Phase 3: Integration and Refinement,Update documentation and release notes,2025-08-02,2025-08-04,QA Automation Team,Not Started
Phase 3: Integration and Refinement,Conduct user acceptance testing and adjustments,2025-08-05,2025-08-07,QA Automation Team,Not Started
Phase 3: Integration and Refinement,"Deploy, train users, and provide support",2025-08-08,2025-08-10,QA Automation Team,Not Started
Phase 4: Excel Formula Enhancement,Develop formula parser and unit tests,2025-08-11,2025-08-15,QA Automation Team,Not Started
Phase 4: Excel Formula Enhancement,Integrate formula builder UI and preview,2025-08-16,2025-08-20,QA Automation Team,Not Started
Phase 4: Excel Formula Enhancement,Test formula logic and document patterns,2025-08-21,2025-08-25,QA Automation Team,Not Started
Phase 4: Excel Formula Enhancement,Train users and support adoption,2025-08-26,2025-08-30,QA Automation Team,Not Started
